{"cameraMode":{"drawMode":0,"name":"Shaded","section":"Shading Mode"},"sceneLighting":false,"audioPlay":false,"sceneViewState":{"showFog":true,"showMaterialUpdate":false,"showSkybox":false,"showFlares":true,"showImageEffects":true,"showParticleSystems":true,"showVisualEffectGraphs":true,"m_FxEnabled":true},"in2DMode":false,"pivot":{"x":76.05398559570313,"y":-1.9997674226760865,"z":-41.95551300048828},"rotation":{"x":-0.3479430675506592,"y":-0.0030835310462862255,"z":0.0012779019307345152,"w":-0.9377380013465881},"size":23.813024520874025,"orthographic":false}