{"cameraMode":{"drawMode":0,"name":"Shaded","section":"Shading Mode"},"sceneLighting":false,"audioPlay":false,"sceneViewState":{"showFog":true,"showMaterialUpdate":false,"showSkybox":false,"showFlares":true,"showImageEffects":true,"showParticleSystems":true,"showVisualEffectGraphs":true,"m_FxEnabled":true},"in2DMode":false,"pivot":{"x":1.9970300197601319,"y":0.009273506700992585,"z":-0.024318933486938478},"rotation":{"x":0.0017941755941137672,"y":0.9961525797843933,"z":-0.08569063991308212,"w":0.0212286114692688},"size":1.4189090728759766,"orthographic":false}