{"cameraMode":{"drawMode":0,"name":"Shaded","section":"Shading Mode"},"sceneLighting":false,"audioPlay":false,"sceneViewState":{"showFog":true,"showMaterialUpdate":false,"showSkybox":false,"showFlares":true,"showImageEffects":true,"showParticleSystems":true,"showVisualEffectGraphs":true,"m_FxEnabled":true},"in2DMode":false,"pivot":{"x":6.131309509277344,"y":0.25999999046325686,"z":-9.930000305175782},"rotation":{"x":-0.3479430675506592,"y":-0.0030835310462862255,"z":0.0012779019307345152,"w":-0.9377380013465881},"size":3.131253242492676,"orthographic":false}