{"cameraMode":{"drawMode":0,"name":"Shaded","section":"Shading Mode"},"sceneLighting":false,"audioPlay":false,"sceneViewState":{"showFog":true,"showMaterialUpdate":false,"showSkybox":false,"showFlares":true,"showImageEffects":true,"showParticleSystems":true,"showVisualEffectGraphs":true,"m_FxEnabled":true},"in2DMode":false,"pivot":{"x":5.0312347412109379,"y":2.0102882385253908,"z":1.8181099891662598},"rotation":{"x":-0.05877630412578583,"y":-0.009882694110274315,"z":0.000585344445426017,"w":-0.9982709884643555},"size":2.2596936225891115,"orthographic":false}