{"cameraMode":{"drawMode":0,"name":"Shaded","section":"Shading Mode"},"sceneLighting":false,"audioPlay":false,"sceneViewState":{"showFog":true,"showMaterialUpdate":false,"showSkybox":false,"showFlares":true,"showImageEffects":true,"showParticleSystems":true,"showVisualEffectGraphs":true,"m_FxEnabled":true},"in2DMode":false,"pivot":{"x":5.849999904632568,"y":0.008999999612569809,"z":-10.0600004196167},"rotation":{"x":-0.059189699590206149,"y":0.9336925148963928,"z":-0.18295864760875703,"w":-0.30206409096717837},"size":13.608617782592774,"orthographic":false}