{"cameraMode":{"drawMode":0,"name":"Shaded","section":"Shading Mode"},"sceneLighting":false,"audioPlay":false,"sceneViewState":{"showFog":true,"showMaterialUpdate":false,"showSkybox":false,"showFlares":true,"showImageEffects":true,"showParticleSystems":true,"showVisualEffectGraphs":true,"m_FxEnabled":true},"in2DMode":false,"pivot":{"x":-1.9290000200271607,"y":3.940000057220459,"z":3.0139999389648439},"rotation":{"x":-0.3479430675506592,"y":-0.0030835310462862255,"z":0.0012779019307345152,"w":-0.9377380013465881},"size":4.125306606292725,"orthographic":false}