{"cameraMode":{"drawMode":0,"name":"Shaded","section":"Shading Mode"},"sceneLighting":false,"audioPlay":false,"sceneViewState":{"showFog":true,"showMaterialUpdate":false,"showSkybox":false,"showFlares":true,"showImageEffects":true,"showParticleSystems":true,"showVisualEffectGraphs":true,"m_FxEnabled":true},"in2DMode":false,"pivot":{"x":8.992233276367188,"y":1.909140706062317,"z":10.909046173095704},"rotation":{"x":-0.3479430675506592,"y":-0.0030835310462862255,"z":0.0012779019307345152,"w":-0.9377380013465881},"size":1.891904354095459,"orthographic":false}