{"cameraMode":{"drawMode":0,"name":"Shaded","section":"Shading Mode"},"sceneLighting":true,"audioPlay":false,"sceneViewState":{"showFog":true,"showMaterialUpdate":false,"showSkybox":true,"showFlares":true,"showImageEffects":true,"showParticleSystems":true,"showVisualEffectGraphs":true,"m_FxEnabled":true},"in2DMode":false,"pivot":{"x":-0.45758509635925295,"y":0.48354315757751467,"z":11.236446380615235},"rotation":{"x":0.10776995867490769,"y":-0.16473904252052308,"z":0.018111344426870347,"w":0.9802634716033936},"size":10.203570365905762,"orthographic":false}