{"cameraMode":{"drawMode":0,"name":"Shaded","section":"Shading Mode"},"sceneLighting":true,"audioPlay":false,"sceneViewState":{"showFog":true,"showMaterialUpdate":false,"showSkybox":true,"showFlares":true,"showImageEffects":true,"showParticleSystems":true,"showVisualEffectGraphs":true,"m_FxEnabled":true},"in2DMode":false,"pivot":{"x":31.612131118774415,"y":-23.140682220458986,"z":63.09300231933594},"rotation":{"x":0.4009432792663574,"y":0.18514876067638398,"z":-0.08336815237998963,"w":0.8936318755149841},"size":29.770349502563478,"orthographic":false}