{"cameraMode":{"drawMode":0,"name":"Shaded","section":"Shading Mode"},"sceneLighting":true,"audioPlay":false,"sceneViewState":{"showFog":true,"showMaterialUpdate":false,"showSkybox":true,"showFlares":true,"showImageEffects":true,"showParticleSystems":true,"showVisualEffectGraphs":true,"m_FxEnabled":true},"in2DMode":false,"pivot":{"x":24.133880615234376,"y":-4.2407050132751469,"z":49.55113983154297},"rotation":{"x":0.39153459668159487,"y":0.08034522831439972,"z":-0.03421474248170853,"w":0.9163181781768799},"size":29.770349502563478,"orthographic":false}