{"cameraMode":{"drawMode":0,"name":"Shaded","section":"Shading Mode"},"sceneLighting":true,"audioPlay":false,"sceneViewState":{"showFog":true,"showMaterialUpdate":false,"showSkybox":true,"showFlares":true,"showImageEffects":true,"showParticleSystems":true,"showVisualEffectGraphs":true,"m_FxEnabled":true},"in2DMode":false,"pivot":{"x":13.590559959411621,"y":-18.48278045654297,"z":77.62510681152344},"rotation":{"x":0.35804304480552676,"y":-0.03328382596373558,"z":0.01259309146553278,"w":0.9333288669586182},"size":29.770349502563478,"orthographic":false}