{"cameraMode":{"drawMode":0,"name":"Shaded","section":"Shading Mode"},"sceneLighting":true,"audioPlay":false,"sceneViewState":{"showFog":true,"showMaterialUpdate":false,"showSkybox":true,"showFlares":true,"showImageEffects":true,"showParticleSystems":true,"showVisualEffectGraphs":true,"m_FxEnabled":true},"in2DMode":false,"pivot":{"x":42.373817443847659,"y":-16.311687469482423,"z":71.83378601074219},"rotation":{"x":0.32125648856163027,"y":0.27336835861206057,"z":-0.09757828712463379,"w":0.9017226099967957},"size":29.770349502563478,"orthographic":false}