{"cameraMode":{"drawMode":0,"name":"Shaded","section":"Shading Mode"},"sceneLighting":true,"audioPlay":false,"sceneViewState":{"showFog":true,"showMaterialUpdate":false,"showSkybox":true,"showFlares":true,"showImageEffects":true,"showParticleSystems":true,"showVisualEffectGraphs":true,"m_FxEnabled":true},"in2DMode":false,"pivot":{"x":28.08332061767578,"y":1.8331871032714844,"z":54.367774963378909},"rotation":{"x":0.3263534903526306,"y":0.11313579976558685,"z":-0.038987502455711368,"w":0.9379466772079468},"size":29.770349502563478,"orthographic":false}