{"cameraMode":{"drawMode":0,"name":"Shaded","section":"Shading Mode"},"sceneLighting":true,"audioPlay":false,"sceneViewState":{"showFog":true,"showMaterialUpdate":false,"showSkybox":true,"showFlares":true,"showImageEffects":true,"showParticleSystems":true,"showVisualEffectGraphs":true,"m_FxEnabled":true},"in2DMode":false,"pivot":{"x":27.402164459228517,"y":-3.743488311767578,"z":49.36581802368164},"rotation":{"x":0.38442376255989077,"y":0.11631565541028977,"z":-0.04873622581362724,"w":0.9148109555244446},"size":29.770349502563478,"orthographic":false}