{"cameraMode":{"drawMode":0,"name":"Shaded","section":"Shading Mode"},"sceneLighting":true,"audioPlay":false,"sceneViewState":{"showFog":true,"showMaterialUpdate":false,"showSkybox":true,"showFlares":true,"showImageEffects":true,"showParticleSystems":true,"showVisualEffectGraphs":true,"m_FxEnabled":true},"in2DMode":false,"pivot":{"x":44.899375915527347,"y":-15.568843841552735,"z":70.77241516113281},"rotation":{"x":0.31114184856414797,"y":0.3000660240650177,"z":-0.10443823784589768,"w":0.8959983587265015},"size":29.770349502563478,"orthographic":false}