{"cameraMode":{"drawMode":0,"name":"Shaded","section":"Shading Mode"},"sceneLighting":true,"audioPlay":false,"sceneViewState":{"showFog":true,"showMaterialUpdate":false,"showSkybox":true,"showFlares":true,"showImageEffects":true,"showParticleSystems":true,"showVisualEffectGraphs":true,"m_FxEnabled":true},"in2DMode":false,"pivot":{"x":10.458405494689942,"y":-33.32745361328125,"z":92.58150482177735},"rotation":{"x":0.43207141757011416,"y":0.04625416919589043,"z":-0.02243255451321602,"w":0.9006822109222412},"size":29.770349502563478,"orthographic":false}