{"cameraMode":{"drawMode":0,"name":"Shaded","section":"Shading Mode"},"sceneLighting":true,"audioPlay":false,"sceneViewState":{"showFog":true,"showMaterialUpdate":false,"showSkybox":true,"showFlares":true,"showImageEffects":true,"showParticleSystems":true,"showVisualEffectGraphs":true,"m_FxEnabled":true},"in2DMode":false,"pivot":{"x":18.40035629272461,"y":-11.907729148864746,"z":54.18146896362305},"rotation":{"x":0.41071048378944399,"y":0.026284709572792054,"z":-0.012062628753483296,"w":0.9116165637969971},"size":29.770349502563478,"orthographic":false}