{"cameraMode":{"drawMode":0,"name":"Shaded","section":"Shading Mode"},"sceneLighting":true,"audioPlay":false,"sceneViewState":{"showFog":true,"showMaterialUpdate":false,"showSkybox":true,"showFlares":true,"showImageEffects":true,"showParticleSystems":true,"showVisualEffectGraphs":true,"m_FxEnabled":true},"in2DMode":false,"pivot":{"x":466.6573791503906,"y":396.2567138671875,"z":55.166534423828128},"rotation":{"x":0.18077164888381959,"y":-0.014459358528256417,"z":0.002602288266643882,"w":0.9833047986030579},"size":459.9198913574219,"orthographic":false}