{"cameraMode":{"drawMode":0,"name":"Shaded","section":"Shading Mode"},"sceneLighting":true,"audioPlay":false,"sceneViewState":{"showFog":true,"showMaterialUpdate":false,"showSkybox":true,"showFlares":true,"showImageEffects":true,"showParticleSystems":true,"showVisualEffectGraphs":true,"m_FxEnabled":true},"in2DMode":false,"pivot":{"x":-13.840960502624512,"y":1.0833334922790528,"z":12.99561595916748},"rotation":{"x":-0.33564382791519167,"y":-0.008744213730096817,"z":0.003118603490293026,"w":-0.9419301152229309},"size":1.3555223941802979,"orthographic":false}