{"cameraMode":{"drawMode":0,"name":"Shaded","section":"Shading Mode"},"sceneLighting":true,"audioPlay":false,"sceneViewState":{"showFog":true,"showMaterialUpdate":false,"showSkybox":true,"showFlares":true,"showImageEffects":true,"showParticleSystems":true,"showVisualEffectGraphs":true,"m_FxEnabled":true},"in2DMode":false,"pivot":{"x":-3.2954444885253908,"y":-36.39641571044922,"z":241.0052490234375},"rotation":{"x":0.07123994082212448,"y":0.004295782186090946,"z":-0.00028905001818202436,"w":0.9973244071006775},"size":123.99402618408203,"orthographic":false}