{"cameraMode":{"drawMode":0,"name":"Shaded","section":"Shading Mode"},"sceneLighting":true,"audioPlay":false,"sceneViewState":{"showFog":true,"showMaterialUpdate":false,"showSkybox":true,"showFlares":true,"showImageEffects":true,"showParticleSystems":true,"showVisualEffectGraphs":true,"m_FxEnabled":true},"in2DMode":false,"pivot":{"x":0.6411094665527344,"y":2.290255069732666,"z":1.8046941757202149},"rotation":{"x":-0.07211695611476898,"y":-0.0971892848610878,"z":0.0008118670666590333,"w":0.9936295747756958},"size":3.445767879486084,"orthographic":false}