{"cameraMode":{"drawMode":0,"name":"Shaded","section":"Shading Mode"},"sceneLighting":true,"audioPlay":false,"sceneViewState":{"showFog":true,"showMaterialUpdate":false,"showSkybox":true,"showFlares":true,"showImageEffects":true,"showParticleSystems":true,"showVisualEffectGraphs":true,"m_FxEnabled":true},"in2DMode":false,"pivot":{"x":6.1313090324401859,"y":0.30710864067077639,"z":-9.930000305175782},"rotation":{"x":-0.22771623730659486,"y":0.45537906885147097,"z":-0.11071591079235077,"w":-0.8565345406532288},"size":5.386256217956543,"orthographic":false}