{"cameraMode":{"drawMode":0,"name":"Shaded","section":"Shading Mode"},"sceneLighting":true,"audioPlay":false,"sceneViewState":{"showFog":true,"showMaterialUpdate":false,"showSkybox":true,"showFlares":true,"showImageEffects":true,"showParticleSystems":true,"showVisualEffectGraphs":true,"m_FxEnabled":true},"in2DMode":false,"pivot":{"x":-9.103893280029297,"y":7.710926055908203,"z":-1.6709461212158204},"rotation":{"x":0.07921800017356873,"y":-0.9082632064819336,"z":0.20072244107723237,"w":0.35845911502838137},"size":0.44102609157562258,"orthographic":false}