{"cameraMode":{"drawMode":0,"name":"Shaded","section":"Shading Mode"},"sceneLighting":true,"audioPlay":false,"sceneViewState":{"showFog":true,"showMaterialUpdate":false,"showSkybox":true,"showFlares":true,"showImageEffects":true,"showParticleSystems":true,"showVisualEffectGraphs":true,"m_FxEnabled":true},"in2DMode":false,"pivot":{"x":-1.5505934953689576,"y":1.4992852210998536,"z":6.950732231140137},"rotation":{"x":0.0029365362133830787,"y":0.990225613117218,"z":-0.13783787190914155,"w":0.021095994859933854},"size":0.8749486804008484,"orthographic":false}