{"cameraMode":{"drawMode":0,"name":"Shaded","section":"Shading Mode"},"sceneLighting":true,"audioPlay":false,"sceneViewState":{"showFog":true,"showMaterialUpdate":false,"showSkybox":true,"showFlares":true,"showImageEffects":true,"showParticleSystems":true,"showVisualEffectGraphs":true,"m_FxEnabled":true},"in2DMode":false,"pivot":{"x":5.970612049102783,"y":0.09827350080013275,"z":-6.0271148681640629},"rotation":{"x":-0.16908708214759828,"y":0.5373566746711731,"z":-0.09935452789068222,"w":-0.8229994177818298},"size":24.077865600585939,"orthographic":false}