{"cameraMode":{"drawMode":0,"name":"Shaded","section":"Shading Mode"},"sceneLighting":true,"audioPlay":false,"sceneViewState":{"showFog":true,"showMaterialUpdate":false,"showSkybox":true,"showFlares":true,"showImageEffects":true,"showParticleSystems":true,"showVisualEffectGraphs":true,"m_FxEnabled":true},"in2DMode":false,"pivot":{"x":56.062747955322269,"y":7.234395980834961,"z":-12.199488639831543},"rotation":{"x":0.015178559347987175,"y":0.8501864075660706,"z":-0.0016235265647992492,"w":0.5285528302192688},"size":27.62005043029785,"orthographic":false}