{"cameraMode":{"drawMode":0,"name":"Shaded","section":"Shading Mode"},"sceneLighting":true,"audioPlay":false,"sceneViewState":{"showFog":true,"showMaterialUpdate":false,"showSkybox":true,"showFlares":true,"showImageEffects":true,"showParticleSystems":true,"showVisualEffectGraphs":true,"m_FxEnabled":true},"in2DMode":false,"pivot":{"x":-25.758047103881837,"y":14.012943267822266,"z":-17.289052963256837},"rotation":{"x":-0.27086693048477175,"y":-0.05798567458987236,"z":0.016352731734514238,"w":-0.9607208371162415},"size":1.3555223941802979,"orthographic":false}