{"cameraMode":{"drawMode":0,"name":"Shaded","section":"Shading Mode"},"sceneLighting":true,"audioPlay":false,"sceneViewState":{"showFog":true,"showMaterialUpdate":false,"showSkybox":true,"showFlares":true,"showImageEffects":true,"showParticleSystems":true,"showVisualEffectGraphs":true,"m_FxEnabled":true},"in2DMode":false,"pivot":{"x":392.5362243652344,"y":163.5719757080078,"z":-94.17289733886719},"rotation":{"x":-0.010492181405425072,"y":-0.037489376962184909,"z":-0.00039606940117664635,"w":0.9992380738258362},"size":40.89979934692383,"orthographic":false}