{"cameraMode":{"drawMode":0,"name":"Shaded","section":"Shading Mode"},"sceneLighting":true,"audioPlay":false,"sceneViewState":{"showFog":true,"showMaterialUpdate":false,"showSkybox":true,"showFlares":true,"showImageEffects":true,"showParticleSystems":true,"showVisualEffectGraphs":true,"m_FxEnabled":true},"in2DMode":false,"pivot":{"x":-17.783321380615236,"y":-7.150491714477539,"z":-0.013215792365372181},"rotation":{"x":0.33987581729888918,"y":0.07044057548046112,"z":-0.025557957589626313,"w":0.9374687075614929},"size":37.33833694458008,"orthographic":false}