{"cameraMode":{"drawMode":0,"name":"Shaded","section":"Shading Mode"},"sceneLighting":true,"audioPlay":false,"sceneViewState":{"showFog":true,"showMaterialUpdate":false,"showSkybox":true,"showFlares":true,"showImageEffects":true,"showParticleSystems":true,"showVisualEffectGraphs":true,"m_FxEnabled":true},"in2DMode":false,"pivot":{"x":2.7505688667297365,"y":1.9552879333496094,"z":1.9900000095367432},"rotation":{"x":-0.06827565282583237,"y":0.16739904880523683,"z":-0.011607000604271889,"w":-0.9834690093994141},"size":3.4386374950408937,"orthographic":false}